{"sidebar-1":{"search-2":{"title":""},"recent-posts-2":{"title":"Latest News","number":3,"show_date":false},"categories-2":{"title":"","count":0,"hierarchical":0,"dropdown":0},"tag_cloud-2":{"title":"","count":0,"taxonomy":"post_tag"}},"sidebar-service":{"custom_html-2":{"title":"NEED SAVOYE HELP?","content":"<p>Give us a call or drop by anytime, we endeavour to answer all enquiries within 24 hours on business days. We will be happy to answer your questions. info@savoye.com<\/p>\r\n<div class=\"phone\"><a href=\"tel:+11234560606\"><i class=\"icon ti-tablet\"><\/i>+1 123-456-0606<\/a><\/div>"}},"footer-area-1":{"custom_html-6":{"title":"Our Services","content":"<ul>\r\n    <li><a href=\"https:\/\/shtheme.org\/demosd\/savoye\/?service=architectural-design\">Architectural Design<\/a><\/li>\r\n    <li><a href=\"https:\/\/shtheme.org\/demosd\/savoye\/?service=interior-design\">Interior Design<\/a><\/li>\r\n    <li><a href=\"https:\/\/shtheme.org\/demosd\/savoye\/?service=urban-design\">Urban Design<\/a><\/li>\r\n    <li><a href=\"https:\/\/shtheme.org\/demosd\/savoye\/?service=decor-plan\">Decor Plan<\/a><\/li>\r\n<\/ul>"}},"footer-area-2":{"custom_html-5":{"title":"","content":""},"custom_html-7":{"title":"Let's talk","content":"<p>Have a project in mind?<\/p>\r\n<p>Let's Build Something Great Together<\/p>\r\n<p>+1 123-456-0606<\/p>\r\n<p>info@architecture.com<\/p>"}},"footer-area-4":{"custom_html-3":{"title":"","content":"<p><a href=\"#\">Terms of use<\/a> <span>|<\/span> <a href=\"#\">Privacy Environmental Policy<\/a><\/p>"}}}